How long does the credit card activation takes?,Banking_Activate_Card
When will my credit card begin working?,Banking_Activate_Card
What should I do to setup my credit card for online payments?,Banking_Activate_Card
What is the process to activate credit card after cancellation?,Banking_Activate_Card
What are the steps for turning on a new card?,Banking_Activate_Card
Please help me with first time activation for credit card,Banking_Activate_Card
I want to activate my credit card by internet banking,Banking_Activate_Card
I want to activate my card.,Banking_Activate_Card
I want to activate master card by text,Banking_Activate_Card
I want credit card activation keys,Banking_Activate_Card
I need your help for mastercard credit card activation,Banking_Activate_Card
I need to activate it my card,Banking_Activate_Card
I got a new card,Banking_Activate_Card
How to initiate a credit card?,Banking_Activate_Card
How do I reactivate a credit card account?,Banking_Activate_Card
Can you assist me in re-enabling a card via automated teller machine?,Banking_Activate_Card
Can I initiate credit card with atm?,Banking_Activate_Card
I want to turn on my new visa card,Banking_Activate_Card
I want to reactive my cancelled card,Banking_Activate_Card
Is pin necessary to activate a card?,Banking_Activate_Card
